,Not terror,Terror,accuracy,macro avg,weighted avg
precision,0.7831912302070646,0.6538461538461539,0.7235718975705844,0.7185186920266092,0.7290922061480363
recall,0.7257336343115124,0.7205651491365777,0.7235718975705844,0.723149391724045,0.7235718975705844
f1-score,0.7533684827182191,0.6855862584017923,0.7235718975705844,0.7194773705600057,0.7250183337427997
support,886.0,637.0,0.7235718975705844,1523.0,1523.0
