,Not terror,Terror,accuracy,macro avg,weighted avg
precision,0.6124807395993837,0.5955555555555555,0.6099803020354564,0.6040181475774695,0.6054017230295093
recall,0.8972911963882618,0.21036106750392464,0.6099803020354564,0.5538261319460932,0.6099803020354564
f1-score,0.728021978021978,0.3109048723897912,0.6099803020354564,0.5194634252058846,0.5535613107286733
support,886.0,637.0,0.6099803020354564,1523.0,1523.0
