,Not Disaster,Disaster,accuracy,macro avg,weighted avg
precision,0.7724056603773585,0.6577777777777778,0.721602101116218,0.7150917190775681,0.7244621533412896
recall,0.7392776523702032,0.6970172684458399,0.721602101116218,0.7181474604080216,0.721602101116218
f1-score,0.7554786620530564,0.676829268292683,0.721602101116218,0.7161539651728697,0.7225832819970105
support,886.0,637.0,0.721602101116218,1523.0,1523.0
